20210507_1_xls-data.xlsx;07.05.2021: Mobilisierung von Bauland (Änderungsantrag)
20210506_4_xls-data.xlsx;06.05.2021: Patente für Impfstoffe freigeben (Beschlussempfehlung)
20210506_3_xls-data.xlsx;06.05.2021: Ablösung der Staatsleistungen
20210506_2_xls-data.xlsx;06.05.2021: COVID-19-Schutzmaßnahmen-Ausnahmenverordnung
20210506_1_xls-data.xlsx;06.05.2021: Bevölkerungsschutzgesetz - Normenkontrolle
20210423_1_xls-data.xlsx;23.04.2021: Nachtragshaushalt (Beschlussempfehlung)
20210421_8_xls-data.xlsx;21.04.2021: Operation EUNAVFOR MED IRINI
20210421_7_xls-data.xlsx;21.04.2021: EU NAVFOR Somalia Operation Atalanta
20210421_6_xls-data.xlsx;21.04.2021: Gesetzentwurf Bevölkerungsschutzgesetz
20210421_5_xls-data.xlsx;21.04.2021: Bevölkerungsschutzgesetz - Änderungsantrag (19/28760)
20210421_4_xls-data.xlsx;21.04.2021: Bevölkerungsschutzgesetz - Änderungsantrag (19/28756)
20210421_3_xls-data.xlsx;21.04.2021: Bevölkerungsschutzgesetz - Änderungsantrag (19/28755)
20210421_2_xls-data.xlsx;21.04.2021: Bevölkerungsschutzgesetz - Änderungsantrag (19/28753)
20210421_1_xls-data.xlsx;21.04.2021: Bevölkerungsschutzgesetz - Änderungsantrag (19/28752)
20210414_1_xls-data.xlsx;14.04.2021: Energieversorgung in Deutschland
20210326_1_xls-data.xlsx;25.03.2021: Transparenzregelung für Abgeordnete
20210325_3_xls-data.xlsx;25.03.2021: Bundeswehreinsatz in Afghanistan
20210325_2_xls-data.xlsx;25.03.2021: BND-Gesetz, Kontrolle der Nachrichtendienste
20210325_1_xls-data.xlsx;25.03.2021: Eigenmittelsystem der EU
20210304_1_xls-data.xlsx;04.03.2021: Epidemische Lage von nationaler Tragweite
20210303_2_xls-data.xlsx;03.03.2021: Bundeswehreinsatz im Mittelmeer (SEA GUARDIAN) - Beschlussempfehlung
20210303_1_xls-data.xlsx;03.03.2021: Bundeswehreinsatz in Südsudan (UNMISS) - Beschlussempfehlung
20210225_2_xls-data.xlsx;25.02.2021: Verein Indymedia verbieten (Beschlussempfehlung)
20210129_1_xls-data.xlsx;29.01.2021:Antrag zu Normenkontrolle Drittes Bevölkerungsschutzgesetz
20210128_1_xls-data.xlsx;28.01.2021: Covid-19-Wahlbewerberaufstellungsverordnung (Beschlussempfehlung)
20210114_1_xls-data.xlsx;14.01.2021: Antrag zu Feststellung gemäß § 52 Absatz 4 Satz 1 des Bundeswahlgesetzes
20201217_1_xls-data.xlsx;17.12.2020: Erneuerbare-Energien-Gesetz
20201216_1_xls-data.xlsx;16.12.2020: Arbeitsschutz in der Fleischindustrie
20201211_1_xls-data.xlsx;11.12.2020: Haushaltsgesetz 2021
20201209_1_xls-data.xlsx;09.12.2020: Beschlussempfehlung des Haushaltsausschusses (hier: Geschäftsbereich Bundeskanzlerin und Bundeskanzleramt)
20201208_2_xls-data.xlsx;08.12.2020: Beschlussempfehlung Haushaltsausschuss zu Beschluss gemäß Artikel 115 Absatz 2 des Grundgesetzes
20201208_1_xls-data.xlsx;08.12.2020: Antrag 19/24969 der FDP (Beschluss gemäß Artikel 115 Absatz 2 des Grundgesetzes)
20201126_3_xls-data.xlsx;26.11.2020: Übereinkommen über ein Einheitliches Patentgericht
20201126_2_xls-data.xlsx;26.11.2020: Europäische Bank für nachhaltige Entwicklung (Beschlussempfehlung)
20201118_4_xls-data.xlsx;18.11.2020: Corona-Maßnahmen (epidemische Lage), Antrag CDU/CSU, SPD
20201118_1_xls-data.xlsx;18.11.2020: Corona-Maßnahmen (epidemische Lage), Änderungsantrag FDP
20201118_2_xls-data.xlsx;18.11.2020: Corona-Maßnahmen (epidemische Lage), Änderungsantrag Bündnis 90/Die Grünen
20201119_1_xls-data.xlsx;19.11.2020: Energiesicherheit gewährleisten - Nord Stream 2 unterstützen (Beschlussempfehlung)
20201118_3_xls-data.xlsx;18.11.2020: Corona-Maßnahmen (epidemische Lage), Gesetzentwurf CDU/CSU, SPD
20201030_1_xls-data.xlsx;30.10.2020: Untersuchungsausschuss Infektionsschutz - Abstrakte Normenkontrolle
20201030_2_xls-data.xlsx;30.10.2020: Einsetzung Untersuchungsausschuss Infektionsschutz
20201029_2_xls-data.xlsx;29.10.2020: Bundeswehreinsatz im Irak (Beschlussempfehlung)
20201009_3_xls-data.xlsx;09.10.2020: Einführungsgesetz zur Abgabenordnung
20201009_2_xls-data.xlsx;09.10.2020: Finanzielle Lasten der Migrationspolitik umfassend offenlegen
20201009_1_xls-data.xlsx;09.10.2020: Bundeswahlgesetz (Wahlversammlungen)
20201008_1_xls-data.xlsx;08.10.2020: Bundeswahlgesetz
20200918_2_xls-data.xlsx;18.09.2020: Konsequenzen aus dem Brand in Moria - Antrag 19/22679
20200918_1_xls-data.xlsx;18.09.2020: Konsequenzen aus dem Brand in Moria - Beschlussempfehlung 19/22579 zum Antrag 19/22264
20200917_1_xls-data.xlsx;17.09.2020: Finanzielle Entlastung der Kommunen
20200916_1_xls-data.xlsx;16.09.2020: Mobilität der Zukunft (Beschlussempfehlung)
20200910_2_xls-data.xlsx;10.09.2020: Abstrakte Normenkontrolle - Düngeverordnung (Beschlussempfehlung)
20200703_2_xls-data.xlsx;03.07.2020: Bundeswahlgesetz (Geschäftsordnungsantrag)
20200703_1_xls-data.xlsx;03.07.2020: Kohleausstiegsgesetz (Änderungsantrag 19/20730)
20200702_2_xls-data.xlsx;02.07.2020: Corona-Konjunkturpaket (Entschließungsantrag 19/20739)
20200702_1_xls-data.xlsx;02.07.2020: Corona-Konjunkturpaket (Beschlussempfehlung 19/20716)
20200619_1_xls-data.xlsx;19.06.2020: Antiextremistischer Grundkonsens in Politik und Gesellschaft - Rechtsstaat und Demokratie schützen - Antifa ächten
20200618_2_xls-data.xlsx;18.06.2020: Europäische Arbeitnehmerentsendung
20200617_2_xls-data.xlsx;17.06.2020: Bundeswehreinsatz Libanon (UNIFIL) (Beschlussempfehlung)
20200617_1_xls-data.xlsx;17.06.2020: Bundeswehr im Kosovo (KFOR) (Beschlussempfehlung)
20200529_1_xls-data.xlsx;29.05.2020: Beschlussempfehlung zur Fortsetzung des Bundeswehreinsatzes EUTM Mali
20200529_2_xls-data.xlsx;29.05.2020: Beschlussempfehlung zur Fortsetzung des Bundeswehreinsatzes in Mali (MINUSMA)
20200527_1_xls-data.xlsx;27.05.2020: Beschlussempfehlung zu Operation ATALANTA
20200514_4_xls-data.xlsx;14.05.2020: Bereitstellung des ESM-Instruments ECCL Pandemic Crisis Support (PCSI)
20200514_3_xls-data.xlsx;14.05.2020: Zweites Gesetz zum Schutz der Bevölkerung bei einer epidemischen Lage von nationaler Tragweite
20200514_2_xls-data.xlsx;14.05.2020: Beschlussempfehlung 19/19204 zu Corona-Aufschlag in der Grundsicherung das Existenzminimum sichern
20200514_1_xls-data.xlsx;14.05.2020: Änderungsantrag 19/19221 zu Zweites Gesetz zum Schutz der Bevölkerung bei einer epidemischen Lage von nationaler Tragweite
20200507_1_xls-data.xlsx;07.05.2020: Beschlussempfehlung zum Bundeswehreinsatz EUNAVFOR MED IRINI
20200325_1_xls-data.xlsx;25.03.2020: Beschlussempfehlung zu Beschluss gemäß Artikel 115 Absatz 2 Satz 6 und 7 GG
20200313_1_xls-data.xlsx;13.03.2020: Beschlussempfehlung zum Bundeswehreinsatz in Afghanistan
20200313_2_xls-data.xlsx;13.03.2020: Beschlussempfehlung zum Bundeswehreinsatz SEA GUARDIAN
20200304_1_xls-data.xlsx;04.03.2020: Beschlussempfehlung zu Humanitäres Aufnahmeprogramm für besonders schutzbedürftige Asylsuchende aus Griechenland
20200130_3_xls-data.xlsx;30.01.2020: Antrag Schutz von Hinweisgebern auf EU-Ebene
20200130_2_xls-data.xlsx;30.01.2020: Antrag Engagement- und Ehrenamts-Check
20200130_1_xls-data.xlsx;30.01.2020: Gesetzentwurf Deutsche Stiftung für Engagement und Ehrenamt
20200117_1_xls-data.xlsx;17.01.2020: Freisetzungsrichtlinie auch für neue Gentechnik (Beschlussempfehlung)
20200116_3_xls-data.xlsx;16.01.2020: Entscheidungsbereitschaft bei Organspende (3. Lesung)
20200116_2_xls-data.xlsx;16.01.2020: Entscheidungsbereitschaft bei Organspende (2. Lesung)
20200116_1_xls-data.xlsx;16.01.2020: Organspende - Regelung der doppelten Widerspruchslösung (Lauterbach, Spahn)
20200115_xls-data.xlsx;15.01.2020: Erneute Abstimmung über das Mandat „Einsatz bewaffneter deutscher Streitkräfte im Irak“ im Deutschen Bundestag
20191220_1_xls-data.xlsx;20.12.2019: Beschlussempfehlung des Verteidigungsausschusses zum Antrag der FDP
20191220_2_xls-data.xlsx;20.12.2019: Antrag DIE Linke - Keine Anschaffung, sondern Ächtung bewaffneter Drohnen
20191219_5_xls-data.xlsx;19.12.2019: Entschließungsantrag der Fraktion Die Linke zur Änderung des Bundesnaturschutzgesetzes
20191219_4_xls-data.xlsx;19.12.2019: Gesetzentwurf des Bundesregierung zur Änderung des Bundesnaturschutzgesetzes
20191219_6_xls-data.xlsx;19.12.2019: Gesetzentwurf der Fraktion der FDP zum Wolfsmanagement
20191219_3_xls-data.xlsx;19.12.2019: Gesetz zur Umsetzung des Klimaschutzprogramms 2030 im Steuerrecht
20191219_2_xls-data.xlsx;19.12.2019: Vorgehen gegen die Hisbollah
20191219_1_xls-data.xlsx;19.12.2019: Föderale Sicherheitsarchitektur
20191129_3_xls-data.xlsx;29.11.2019: Entschließungsantrag AfD - Einzelplan 60 (Allgemeine Finanzverwaltung)
20191129_2_xls-data.xlsx;29.11.2019: Entschließungsantrag AfD - Einzelplan 14 (Verteidigung)
20191129_1_xls-data.xlsx;29.11.2019: Haushaltsjahr 2020
20191127_1_xls-data.xlsx;27.11.2019: Einzelplan 04 - Geschäftsbereich der Bundeskanzlerin und des Bundeskanzleramtes
20191126_1_xls-data.xlsx;26.11.2019: Änderungsantrag der AfD-Fraktion zu Einzelplan 16 (Umweltministerium)
20191115_1_xls-data.xlsx;14.11.2019: Änderung des Luftverkehrsteuergesetzes
20191114_6_xls-data.xlsx;14.11.2019: Beschlussempfehlung zu Einsatz chemischer Pflanzenschutzmittel
20191114_7_xls-data.xlsx;14.11.2019: Beschlussempfehlung zu Verbot von Tierexporten
20191114_5_xls-data.xlsx;14.11.2019: Stärkung der Impfprävention (Masernschutz)
20191114_4_xls-data.xlsx;14.11.2019: Wettbewerbsfähigkeit der deutschen Wirtschaft
20191114_2_xls-data.xlsx;14.11.2019: Gesetzentwurf der FDP: Abschaffung des Solidaritätszuschlags
20191114_1_xls-data.xlsx;14.11.2019: Gesetzentwurf der Bundesregierung: Solidaritätszuschlag
20191114_3_xls-data.xlsx;14.11.2019: Beschlussempfehlung des Finanzausschusses zum Antrag 19/4898
20191113_1_xls-data.xlsx;13.11.2019: Änderungsantrag zu Direktzahlungen-Durchführungsgesetz
20191113_2_xls-data.xlsx;13.11.2019: Gesetzentwurf Direktzahlungen-Durchführungsgesetz
20191107_2_xls-data.xlsx;07.11.2019: Änderungsantrag der FDP (19/14883)
20191107_1_xls-data.xlsx;07.11.2019: Änderungsantrag der FDP (19/14882)
20191024_3_xls-data.xlsx;24.10.2019: Wettbewerbsfähige Landwirtschaft
20191024_2_xls-data.xlsx;24.10.2019: Russlandpolitik
20191024_1_xls-data.xlsx;24.10.2019: Beschlussempfehlung zu Bundeswehreinsatz zur Bekämpfung des IS-Terrors
20191018_1_xls-data.xlsx;18.10.2019: Gesetzentwurf der CDU/CSU und SPD zur Änderung des Grundgesetzes - Grundsteuerreform
20191018_2_xls-data.xlsx;18.10.2019: Beschlussempfehlung zu Antrag Die Linke - Grundsteuer
20191017_2_xls-data.xlsx;17.10.2019: Verkehrspolitik
20191017_1_xls-data.xlsx;17.10.2019: Entschließungsantrag Die Linke zur Regierungserklärung
20190926_3_xls-data.xlsx;26.09.2019: Änderungsantrag der AfD - Stasi-Unterlagen-Gesetz
20190926_4_xls-data.xlsx;26.09.2019: Gesetzentwurf deutsch-französische Zusammenarbeit und Integration
20190926_7_xls-data.xlsx;26.09.2019: Antrag CDU/CSU, SPD - EU-Beitrittsantrag Albaniens
20190926_6_xls-data.xlsx;26.09.2019: Antrag CDU/CSU, SPD - EU-Beitrittsantrag Nordmazedoniens
20190926_5_xls-data.xlsx;26.09.2019: Entschließungsantrag der AfD zu Gesetzentwurf deutsch-französische Zusammenarbeit und Integration
20190926_1_xls-data.xlsx;26.09.2019: Beschlussempfehlung zu Antrag FDP „Weltweit mehr Wald für den Klimaschutz“
20190628_4_xls-data.xls;28.06.2019: Antrag Die Linke - Klimanotstand anerkennen
20190628_3_xls-data.xls;28.06.2019: Kohlekraftwerk-Sofortmaßnahme-Gesetz
20190628_2_xls-data.xls;28.06.2019: Bundeswehreinsatz in Libanon (UNIFIL)
20190628_1_xls-data.xls;28.06.2019: Bundeswehreinsatz in Kosovo (KFOR)
20190607_3_xls-data.xls;07.06.2019: Änderung des Asylbewerberleistungsgesetzes
20190607_2_xls-data.xls;07.06.2019: Entwurf eines Fachkräfteeinwanderungsgesetzes
20190607_1_xls-data.xls;07.06.2019: Entwurf eines Zweiten Gesetzes zur besseren Durchsetzung der Ausreisepflicht
20190606_2_xls-data.xls;06.06.2019: Erreichung der Klimaziele
20190606_1_xls-data.xls;06.06.2019: Bekämpfung illegaler Beschäftigung
20190517_1_xls-data.xls;17.05.2019: BDS-Bewegung verurteilen - Existenz des Staates Israel schützen
20190516_1_xls-data.xls;16.05.2019: Änderung des Bundesausbildungsförderungsgesetzes (26. BAFöGÄndG) (Änderungsantrag Bündnis 90/Die Grünen und Die Linke)
20190516_3_xls-data.xls;16.05.2019: Änderung des Bundesausbildungsförderungsgesetzes (26. BAFöGÄndG) (Gesetzentwurf der Bundesregierung)
20190516_2_xls-data.xls;16.05.2019: Änderung des Bundesausbildungsförderungsgesetzes (26. BAFöGÄndG) (Änderungsantrag Bündnis 90/Die Grünen)
20190509_4_xls-data.xls;09.05.2019: Konzerntransparenz gegen Steuerflucht
20190509_1_xls-data.xls;09.05.2019: Bundeswehreinsatz in Mali (MINUSMA)
20190509_3_xls-data.xls;09.05.2019: Bundeswehreinsatz EU NAVFOR Somalia-Atalanta
20190509_2_xls-data.xls;09.05.2019: Bundeswehreinsatz (EUTM Mali)
20190411_5_xls-data.xls;11.04.2019: Sozialschutz für Arbeitnehmer und Selbständige
20190321_6_xls-data.xls;21.03.2019: Änderung des Marktorganisationsgesetzes
20190321_5_xls-data.xls;21.03.2019: Bundeswehreinsatz in Darfur (UNAMID)
20190321_4_xls-data.xls;21.03.2019: Bundeswehreinsatz in Südsudan (UNMISS)
20190321_3_xls-data.xls;21.03.2019: Bundeswehreinsatz im Mittelmeer (SEA GUARDIAN)
20190321_2_xls-data.xls;21.03.2019: Entschließungsantrag FDP - Bundeswehreinsatz in Afghanistan (Resolute Support)
20190321_1_xls-data.xls;21.03.2019: Bundeswehreinsatz in Afghanistan (Resolute Support)
20190320_1_xls-data.xls;20.03.2019: Antrag zu Ein deutsch-französisches Parlamentsabkommen - Für eine verstärkte parlamentarische Zusammenarbeit
20190315_1_xls-data.xls;15.03.2019: Entwurf eines Gesetzes für mehr Teilhabe im Wahlrecht
20190315_2_xls-data.xls;15.03.2019: Entwurf eines Gesetzes zur Umsetzung der UN-Behindertenrechtskonvention im Wahlrecht
20190315_3_xls-data.xls;15.03.2019: Für die Einführung eines inklusiven Wahlrechts
20190314_1_xls-data.xls;14.03.2019: Änderung des Bundes-Immissionsschutzgesetzes (Gesetzentwurf von CDU/CSU und SPD)
20190314_3_xls-data.xls;14.03.2019: Deutsche und europäische Israelpolitik
20190314_2_xls-data.xls;14.03.2019: Einheitliche Messverfahren für Stickoxide durchsetzen - Fahrverbote wirksam verhindern
20190221_3_xls-data.xls;21.02.2019: Gesetz zur Verbesserung der Information über einen Schwangerschaftsabbruch
20190221_1_xls-data.xls;21.02.2019: Beschlussempfehlung des Vermittlungsausschusses (Änderung des Grundgesetzes)
20190221_4_xls-data.xls;21.02.2019: Aufhebung des Werbeverbots für Schwangerschaftsabbrüche
20190221_5_xls-data.xls;21.02.2019: Aufhebung von § 219a StGB
20190221_6_xls-data.xls;21.02.2019: Kostenloser Zugang zu Verhütungsmitteln für Menschen mit geringem Einkommen
20190221_2_xls-data.xls;21.02.2019: Gefahr Wolf - Unkontrollierte Population stoppen
20190118_2_xls-data.xls;18.01.2019: Änderung des Asylgesetzes (Entschließungsantrag der FDP-Fraktion)
20190118_1_xls-data.xls;18.01.2019: Änderung des Asylgesetzes (Gesetzentwurf der BReg)
20181213-data.xls;13.12.2018: Solidaritätszuschlag
20181130_1_xls-data.xls;30.11.2018: Globaler Pakt für Migration
20181129_6_xls-data.xls;29.11.2018: Änderung des Tierschutzgesetzes
20181129_5_xls-data.xls;29.11.2018: Mietrechtsanpassung - Änderungsantrag Bündnis 90/Die Grünen
20181129_4_xls-data.xls;29.11.2018: Mietrechtsanpassung - Änderungsantrag Die Linke.
20181129_3_xls-data.xls;29.11.2018: Steuerlichen Förderung des Mietwohnungsneubaus - Änderungsantrag Bündnis 90/Die Grünen
20181129_2_xls-data.xls;29.11.2018: Globaler Pakt für Migration
20181129_1_xls-data.xls;29.11.2018: Änderung des Grundgesetzes - Bildung, Bau, Verkehr
20181123_1_xls-data.xls;23.11.2018: Änderungsantrag FDP zu Haushaltsgesetz 2019 - Einzelplan 60
20181123_3_xls-data.xls;23.11.2018: Entschließungsantrag FDP zu Haushaltsgesetz 2019
20181123_2_xls-data.xls;23.11.2018: Haushaltsgesetz 2019
20181121_1_xls-data.xls;21.11.2018: Beschlussempfehlungen zu Haushaltsgesetz 2019 - Einzelplan 04
20181108_1_xls-data.xls;08.11.2018: Gesetzliche Rentenversicherung
20181108_3_xls-data.xls;08.11.2018: Familienentlastungsgesetz, Änderungsantrag der Fraktion der AfD
20181108_2_xls-data.xls;08.11.2018: Zwei-Prozent-Rüstungsziel der NATO
20181108_6_xls-data.xls;08.11.2018: Vermeidung von Umsatzsteuerausfällen - Änderungsantrag der Fraktion der FDP
20181108_4_xls-data.xls;08.11.2018: Familienentlastungsgesetz, Änderungsantrag der Fraktion der FDP
20181108_5_xls-data.xls;08.11.2018: Vermeidung von Umsatzsteuerausfällen - Änderungsantrag der Fraktion der FDP
20181019_3_xls-data.xls;19.10.2018: Menschenrecht auf Religionsfreiheit - Beschlussempfehlung zu Antrag AfD
20181019_2_xls-data.xls;19.10.2018: Menschenrecht auf Religionsfreiheit - Antrag Bündnis 90/Die Grünen
20181019_1_xls-data.xls;19.10.2018: Menschenrecht auf Religionsfreiheit - Antrag CDU/CSU und SPD
20181019_4_xls-data.xls;19.10.2018: Jahresmittelgrenzwert für Stickoxid
20181018_3_xls-data.xls;18.10.2018: Brückenteilzeit - Änderungsantrag Bündnis 90/Die Grünen
20181018_2_xls-data.xls;18.10.2018: Änderung des Asylgesetzes - Gesetzentwurf FDP
20181018_6_xls-data.xls;18.10.2018: Kindergeld für im Ausland lebende Kinder
20181018_4_xls-data.xls;18.10.2018: Bundeswehreinsatz zur Bekämpfung des IS-Terrors (Antrag der
Bundesregierung)
20181018_1_xls-data.xls;18.10.2018: Änderung des Asylgesetzes - Änderungsantrag FDP
20181018_5_xls-data.xls;18.10.2018: Bundeswehreinsatz zur Bekämpfung des IS-Terrors (Beschlussempfehlung zum Antrag der AfD-Fraktion)
20180705_1_xls-data.xls;05.07.2018: Haushaltsgesetz 2018
20180704_3_xls-data.xls;04.07.2018: Geschäftsbereich des Bundesministeriums der Verteidigung (Änderungsantrag Die Linke)
20180704_2_xls-data.xls;04.07.2018: Geschäftsbereich des Bundesministeriums der Verteidigung (Änderungsantrag FDP)
20180704_1_xls-data.xls;04.07.2018: Geschäftsbereich der Bundeskanzlerin und des Bundeskanzleramtes
20180629_xls-data.xls;29.06.2018: Finanzhilfen zugunsten Griechenlands
20180628_3_xls-data.xls;28.06.2018: Bundesweit abgestimmtes Wolfsmanagement
20180628_1_xls-data.xls;28.06.2018: Sanktionen bei Hartz IV und Sozialhilfe (Antrag der Fraktion Die Linke)
20180628_2_xls-data.xls;28.06.2018: Sanktionen bei Hartz IV und Sozialhilfe (Antrag der Fraktion Bündnis 90/Die Grünen)
20180615_3_xls-data.xls;15.06.2018: Familiennachzug zu subsidiär Schutzberechtigten (Entschließungsantrag der AfD-Fraktion)
20180615_1_xls-data.xls;15.06.2018: Änderung des Parteiengesetzes
20180615_2_xls-data.xls;15.06.2018: Familiennachzug zu subsidiär Schutzberechtigten (Gesetzentwurf der Bundesregierung)
20180615_4_xls-data.xls;15.06.2018: Familiennachzug zu subsidiär Schutzberechtigten (Entschließungsantrag der FDP-Fraktion)
20180614_3_xls-data.xls;14.06.2018: Bundeswehreinsatz im Libanon (UNIFIL)
20180614_1_xls-data.xls;14.06.2018: Handelsabkommen mit Kanada und Japan
20180614_4_xls-data.xls;14.06.2018: Bundeswehreinsatz in Kosovo (KFOR)
20180614_2_xls-data.xls;14.06.2018: Bundeswehreinsatz im Mittelmeer (EUNAVFOR MED)
20180607_1_xls-data.xls;07.06.2018: Mietpreispolitik
20180517_xls-data.xls;17.05.2018: Einspruch gemäß § 39 GO-BT
20180426_1_xls-data.xls;26.04.2018: Bundeswehreinsatz in Mali (MINUSMA)
20180426_2_xls-data.xls;26.04.2018: Bundeswehreinsatz vor Somalia (EU NAVFOR)
20180426_3_xls-data.xls;26.04.2018: Bundeswehreinsatz in Mali (EUTM Mali)
20180426_4_xls-data.xls;26.04.2018: Ausschluss der NPD von der Parteienfinanzierung
20180322_5_xls-data.xls;22.03.2018: Bundeswehreinsatz in Darfur (UNAMID)
20180322_4_xls-data.xls;22.03.2018: Bundeswehreinsatz in Südsudan (UNMISS)
20180322_2_xls-data.xls;22.03.2018: Bundeswehreinsatz in Afghanistan (Resolute Support)
20180322_1_xls-data.xls;22.03.2018: Bundeswehreinsatz zur Stabilisierung Iraks
20180322_3_xls-data.xls;22.03.2018: Bundeswehreinsatz im Mittelmeer (SEA GUARDIAN)
20180316_xls-data.xls;16.03.2018: Einführung umfassender Grenzkontrollen
20180222_1_xls-data.xls;22.02.2018: Verhalten der Bundesregierung im Fall Deniz Yücel 19/846
20180201_3_xls-data.xls;01.02.2018: Familiennachzug zu subsidiär Schutzberechtigten, Gesetzentwurf der Abgeordneten Ulla Jelpke, Dr. André Hahn, Gökay Akbulut, weiterer Abgeordneter und der Fraktion DIE LINKE.
20180201_1_xls-data.xls;01.02.2018: Familien­nachzug zu subsidiär Schut­zberech­tigten, Gesetz­entwurf der Fraktion der CDU/CSU
20180201_2_xls-data.xls;01.02.2018: Familiennachzug zu subsidiär Schutzberechtigten, Gesetzentwurf der Fraktion der AfD
20171213_3_xls-data.xls;13.12.2017: Anpassungsverfahren § 11 des Abgeordnetengesetzes
20171213_2_xls-data.xls;13.12.2017: Bundeswehreinsatz in Südsudan (UNMISS)
20171213_1_xls-data.xls;13.12.2017: Bundeswehreinsatz in Darfur (UNAMID)
20171212_5_xls-data.xls;12.12.2017: Bundeswehreinsatz in Mali (MINUSMA)
20171212_4_xls-data.xls;12.12.2017: Bundeswehreinsatz in Afghanistan (Resolute Support)
20171212_3_xls-data.xls;12.12.2017: Bundeswehreinsatz im Irak
20171212_2_xls-data.xls;12.12.2017: Bundeswehreinsatz gegen die Terrororganisation IS
20171212_1_xls-data.xls;12.12.2017: Bundeswehreinsatz im Mittelmeer (SEA GUARDIAN)
20170630_1_xls-data.xls;30.06.2017: Eheschließung für Personen gleichen Geschlechts
20170629_2_xls-data.xls;29.06.2017: Bundeswehreinsatz „United Nations“United Nations Interim Force in Lebanon„ (UNIFIL)
20170629_1_xls-data.xls;29.06.2017: Bundeswehreinsatz EUNAVFOR MED Operation SOPHIA
20170623_1_xls-data.xls;23.06.2017: Abschaffung der sachgrundlosen Befristung
20170622_2_xls-data.xls;22.06.2017: Bundeswehreinsatz in Kosovo (KFOR)
20170622_1_xls-data.xls;22.06.2017: Änderung von Artikel 21 des Grundgesetzes (Parteienfinanzierung)
20170621_2_xls-data.xls;21.06.2017: Antrag zur Verlegung des Bundeswehrkontingents von Incirlik nach Al Azraq
20170621_1_xls-data.xls;21.06.2017: Beschlussempfehlung zum Abzug der Bundeswehr aus Incirlik
20170601_12_xls-data.xls;01.06.2017: Sofortiger Abschiebestopp nach Afghanistan
20170601_11_xls-data.xls;01.06.2017: Abschiebung nach Afghanistan
20170601_10_xls-data.xls;01.06.2017: Rentenüberleitung
20170601_8_xls-data.xls;01.06.2017: Entwurf eines Gesetzes zur Änderung des Grundgesetzes (Artikel 90, 91c, 104b, 104c, 107, 108, 109a, 114, 125c, 143d, 143e, 143f, 143g)
20170601_5_xls-data.xls;01.06.2017: Artikel 1 Nummer 5 des Gesetzentwurfs in der Ausschussfassung betrifft Artikel 107
20170601_13_xls-data.xls;01.06.2017: Neue Lagebeurteilung für Afghanistan
20170601_3_xls-data.xls;01.06.2017: Änderung von Artikel 91 b und Artikel 104c des Grundgesetzes
20170601_2_xls-data.xls;01.06.2017: Änderung von Artikel 90 und Artikel 143e des Grundgesetzes
20170601_9_xls-data.xls;01.06.2017: Änderungsantrag der Fraktion Die Linke zur Neuregelung des bundesstaatlichen Finanzausgleichssystems
20170601_4_xls-data.xls;01.06.2017: Artikel 1 Nummer 1 des Gesetzentwurfs in der Ausschussfassung betrifft Artikel 90 Grundgesetz
20170601_7_xls-data.xls;01.06.2017: Artikel 1 Nummer 11 des Gesetzentwurfs in der Ausschussfassung betrifft Artikel 143e Grundgesetz
20170601_1_xls-data.xls;01.06.2017: Änderung von Artikel 90 des Grundgesetzes
20170601_6_xls-data.xls;01.06.2017: Artikel 1 Nummer 9 des Gesetzentwurfs in der Ausschussfassung betrifft Artikel 125c Grundgesetz
20170518_2_xls-data.xls;18.05.2017: Bundeswehreinsatz EU NAFVOR Operation Atalanta
20170518_1_xls-data.xls;18.05.2017: Bundeswehreinsatz EUTM Mali
20170330_3_xls-data.xls;30.03.2017: Bundeswehreinsatz EUTM Somalia
20170330_2_xls-data.xls;30.03.2017: Transparenz von Entgeltstrukturen 2
20170330_1_xls-data.xls;30.03.2017: Transparenz von Entgeltstrukturen
20170324_2_xls-data.xls;24.03.2017: Änderung des Zweiten Verkehrsteueränderungsgesetzes
20170324_1_xls-data.xls;24.03.2017: Erstes Gesetz zur Änderung des Infrastrukturabgabengesetzes
20170309_4_xls-data.xls;09.03.2017: Gesetzentwurf Dämpfung des Mietanstiegs (Streichung Rügepflicht / Schaffung Auskunftsrecht)
20170309_3_xls-data.xls;09.03.2017: Gesetzentwurf Dämpfung des Mietanstiegs (umfassende Modernisierungen)
20170309_2_xls-data.xls;09.03.2017: Beschlussempfehlung zu Mietpreisbremse wirkungsvoll ausgestalten
20170309_1_xls-data.xls;09.03.2017: Entschließungsantrag zum Europäischen Rat am 9. März 2017
20170126_2_xls-data.xls;26.01.2017: Ausbildungsunterstützung der Bundeswehr im Irak
20170126_1_xls-data.xls;26.01.2017: Bundeswehreinsatz in Mali (MINUSMA)
20170119_3_xls-data.xls;19.01.2017: Dragoner-Areal dem Land Berlin zum Kauf anbieten
20170119_2_xls-data.xls;19.01.2017: Beschlussempfehlung Rente DDR-Krankenschwestern
20170119_1_xls-data.xls;19.01.2017: Beschlussempfehlung Rente DDR-Bergleute
20161215_5_xls-data.xls;15.12.2016: Entwurf eines Gesetzes zur Stärkung der Bekämpfung der Schwarzarbeit und illegalen Beschäftigung
20161215_4_xls-data.xls;15.12.2016: Beschlussempfehlung Bundeswehreinsatz in Afghanistan
20161215_3_xls-data.xls;15.12.2016: Beschlussempfehlung Bundeswehreinsatz in Darfur (UNAMID)
20161215_2_xls-data.xls;15.12.2016: Beschlussempfehlung zu Bundeswehreinsatz in Südsudan (UNMISS)
20161215_1_xls-data.xls;15.12.2016: Verantwortung in der kerntechnischen Entsorgung
20161201_2_xls-data.xls;01.12.2016: Seefischereigesetz
20161201_1_xls-data.xls;01.12.2016: Ermittlung von Regelbedarfen
20161125_1_xls-data.xls;25.11.2016: Haushaltsgesetz 2017
20161123_1_xls-data.xls;23.11.2016: Beschlussempfehlung zu Etat Bundeskanzlerin und Bundeskanzleramt
20161111_1_xls-data.xls;11.11.2016: Gesetzentwurf zur 4. Änderung arzneimittelrechtlicher und anderer Vorschriften
20161110_2_xls-data.xls;10.11.2016: Bundeswehreinsatz gegen die Terrororganisation IS
20161110_1_xls-data.xls;10.11.2016: Beschlussempfehlung zu Brennelementesteuer
20161109_3_xls-data.xls;09.11.2016: Änderungsantrag der Abgeordneten Dr. Georg Nüßlein, Dr. Karl Lauterbach, Maria Michalk, Hermann Gröhe, Ingrid Fischbach, Annette Widmann-Mauz und Rudolf Henke zur 4. Änderung arzneimittelrechtlicher und anderer Vorschriften
20161109_1_xls-data.xls;09.11.2016: Änderungsantrag der Abgeordneten Uwe Schummer, Ulla Schmidt, Kathrin Vogler, Kordula Schulz-Asche, weiterer Abgeordneter aller Fraktionen zur 4. Änderung arzneimittelrechtlicher und anderer Vorschriften
20161109_2_xls-data.xls;09.11.2016: Änderungsantrag der Abgeordneten Hilde Mattheis und Sabine Dittmar zur 4. Änderung arzneimittelrechtlicher und anderer Vorschriften
20160929_1_xls-data.xls;29.09.2016: Beschlussempfehlung zur zweiten Mieterrechtsnovelle
20160929_2_xls-data.xls;29.09.2016: Beschlussempfehlung zu Privatisierung Bundesliegenschaften
20160929_3_xls-data.xls;29.09.2016: Beschlussempfehlung Sea guardian
20160922_3_xls-data.xls;22.09.2016: CETA; Antrag Bündnis 90/Die Grünen 18/9621
20160922_2_xls-data.xls;22.09.2016: CETA; Antrag CDU/CSU, SPD 18/9663
20160922_1_xls-data.xls;22.09.2016: CETA; Antrag Die Linke 18/9665
20160708_1_xls-data.xls;08.07.2016: Erneuerbare-Energie-Gesetz
20160707_4_xls-data.xls;07.07.2016: Bundeswehreinsatz EUNAVFOR MED Operation SOPHIA
20160707_3_xls-data.xls;07.07.2016: Schutz der sexuellen Selbstbestimmung: Artikel 2 Absatz 3
20160707_1_xls-data.xls;07.07.2016: Schutz der sexuellen Selbstbestimmung: Artikel 1 Nummern 6 bis 8, 10 und 11
20160707_2_xls-data.xls;07.07.2016: Schutz der sexuellen Selbstbestimmung: Artikel 1 Nummer 9 - Einfügung von § 184j Strafgesetzbuch
20160624_2_xls-data.xls;24.06.2016: Fracking
20160624_1_xls-data.xls;24.06.2016: Anpassung des Erbschaftssteuer- und Schenkungssteuergesetzes
20160623_3_xls-data.xls;23.06.2016: Änderung des SGB II - Rechtsvereinfachung
20160623_2_xls-data.xls;23.06.2016: Bundeswehreinsatz im Libanon (UNIFIL)
20160623_1_xls-data.xls;23.06.2016: Bundeswehreinsatz in Kosovo (KFOR)
20160513_1_xls-data.xls;13.05.2016: Einstufung von Algerien, Marokko und Tunesien
20160512_5_xls-data.xls;12.05.2016: Bundeswehr vor Somalia (EU NAVFOR Atalanta) - Beschlussempfehlung
20160512_4_xls-data.xls;12.05.2016: Bundeswehr in Mali (EUTM Mali) - Beschlussempfehlung
20160512_3_xls-data.xls;12.05.2016: Bahnstreckenstilllegungen - Beschlussempfehlung
20160512_2_xls-data.xls;12.05.2016: Behindertengleichstellungsrecht - Entschließungsantrag
20160512_1_xls-data.xls;12.05.2016: Behindertengleichstellungsrecht - Änderungsantrag
20160428_2_xls-data.xls;28.04.206: Beschlussempfehlung zum Verbot von Fracking in Deutschland
20160428_1_xls-data.xls;28.04.2016: Untersagung der Fracking-Technik
20160414_1_xls-data.xls;14.04.2016: Bekämpfung von Korruption im Gesundheitswesen
20160317_1_xls-data.xls;17.03.2016: Ausbildungs- und Beratungsmissionen EUTM Somalia
20160316_1_xls-data.xls;16.03.2016: Regierungserklärung zum Europäischen Rat am 17./18. März 2016 - Entschließungsantrag
20160225_3_xls-data.xls;25.02.2016: Voreilige Neuzulassung von Glyphosat stoppen
20160225_2_xls-data.xls;25.02.2016: Einführung beschleunigter Asylverfahren - Gesetzentwurf
20160225_1_xls-data.xls;25.02.2016: Einführung beschleunigter Asylverfahren, hier: Artikel 2 Nummer 4
20160218_1_xls-data.xls;18.02.2016: Rüstungsexportkontrollgesetz
20160217_1_xls-data.xls;17.02.2016: Regierungserklärung zum Europäischen Rat - Entschließungsantrag
20160128_1_xls-data.xls;28.01.2016: Bundeswehreinsatz in Mali
20160128_2_xls-data.xls;28.01.2016: Bundeswehreinsatz Kurdistan-Irak
20151217_2_xls-data.xls;17.12.2015: Bundeswehreinsatz im Mittelmeer (Operation ACTIVE ENDEAVOUR)
20151217_1_xls-data.xls;17.12.2015: Bundeswehreinsatz in Afghanistan (Resolute Support)
20151204_2_xls-data.xls;04.12.2015: Entschließungsantrag Die Linke: Bundeswehreinsatz gegen Terrororganisation IS
20151204_1_xls-data.xls;04.12.2015: Bundeswehreinsatz gegen Terrororganisation IS
20151203_1_xls-data.xls;03.12.2015: Umsetzung des Aktionsprogramms Klimaschutz 2020
20151127_2_xls-data.xls;27.11.2015: Haushaltsgesetz 2016
20151127_1_xls-data.xls;27.11.2015: Etat Verkehr und digitale Infrastruktur
20151125_1_xls-data.xls;25.11.2015: Etat Bundeskanzlerin und Bundeskanzleramt
20151112_2_xls-data.xls;12.11.2015: Bundeswehreinsatz in Darfur (UNAMID)
20151112_1_xls-data.xls;12.11.2015: Bundeswehreinsatz in Südsudan (UNMISS)
20151106_1_xls-data.xls;06.11.2015: Anwendung des Stimmzettelverfahrens unter Abweichung von der Geschäftsordnung
20151106_2_xls-data.xls;06.11.2015: Strafbarkeit der geschäftsmäßigen Förderung der Selbsttötung
20151105_2_xls-data.xls;05.11.2015: Änderung agrarmarktrechtlicher Bestimmungen
20151105_1_xls-data.xls;05.11.2015: Betreuungsgeld für den Kitaausbau nutzen
20151016_1_xls-data.xls;16.10.2015: Speicherpflicht und einer Höchstspeicherfrist für Verkehrsdaten
20151015_5_xls-data.xls;15.10.2015: Asylverfahrensbeschleunigung
20151015_4_xls-data.xls;15.10.2015: Asylverfahrensbeschleunigung (Artikel 8 und 12)
20151015_3_xls-data.xls;15.10.2015: Asylverfahrensbeschleunigung (Artikel 2)
20151015_2_xls-data.xls;15.10.2015: Asylverfahrensbeschleunigung (Artikel 1 Nr. 35)
20151015_1_xls-data.xls;15.10.2015: Asylverfahrensbeschleunigung (Artikel 1 Nr. 15, 16, 19)
20151002_1_xls-data.xls;02.10.2015: Renten in Ostdeutschland
20151001_3_xls-data.xls;01.10.2015: Sanktionen bei Hartz IV und Sozialhilfe, Antrag Bündnis 90/Die Grünen
20151001_2_xls-data.xls;01.10.2015: Sanktionen bei Hartz IV und Sozialhilfe, Antrag Die Linke
20151001_1_xls-data.xls;01.10.2015: Bundeswehreinsatz EU-Operation EUNAVFORMED
20150819_1_xls-data.xls;19.08.2015: Stabilitätshilfe für Griechenland
20150717_3_xls-data.xls;17.07.2015: Antrag der Fraktion BÜNDNIS 90/DIE GRÜNEN Verwendung der SMP-Mittel 2014 zur Absicherung einer Brückenfinanzierung
20150717_2_xls-data.xls;17.07.2015: Entschließungsantrag der Fraktion BÜNDNIS 90/DIE GRÜNEN zur Stabilitätshilfe zugunsten Griechenlands
20150717_1_xls-data.xls;17.07.2015: Stabilitätshilfe zugunsten Griechenlands
20150702_6_xls-data.xls;02.07.2015: Subventionen für britisches Atomwerk Hinkley Point C stoppen, Beschlussempfehlung zum Antrag Bündnis 90/Die Grünen
20150702_5_xls-data.xls;02.07.2015: Subventionen für Atomkraftwerke in der EU, Beschlussempfehlung zum Antrag Die Linke
20150702_4_xls-data.xls;02.07.2015: Bleiberecht und Aufenthaltsbeendigung, Entschließungsantrag Die Linke
20150702_3_xls-data.xls;02.07.2015: Bleiberecht und Aufenthaltsbeendigung, 3. Änderungsantrag Bündnis 90/Die Grünen
20150702_2_xls-data.xls;02.07.2015: Bleiberecht und Aufenthaltsbeendigung, 2. Änderungsantrag Bündnis 90/Die Grünen
20150702_1_xls-data.xls;02.07.2015: Bleiberecht und Aufenthaltsbeendigung, Änderungsantrag Bündnis 90/Die Grünen
20150619_3_xls-data.xls;19.06.2015: Bundeswehreinsatz in Libanon (UNIFIL)
20150619_2_xls-data.xls;19.06.2015: Bundeswehreinsatz in Mali (MINUSMA)
20150619_1_xls-data.xls;19.06.2015: Bundeswehreinsatz in Kosovo (KFOR)
20150618_1_xls-data.xls;18.06.2015: Grundfreibetrag, Kinderfreibetrag, -geld, -zuschlag
20150522_1_xls-data.xls;22.05.2015: Tarifeinheitsgesetz
20150521_2_xls-data.xls;21.05.2015: Bundeswehreinsatz UNMIL in Liberia
20150521_1_xls-data.xls;21.05.2015: Bundeswehreinsatz Operation Atalanta
20150327_7_xls-data.xls;27.03.2015: Liegenschaftspolitik des Bundes, Beschlussempfehlung des Haushaltsausschusses
20150327_6_xls-data.xls;27.03.2015: Liegenschaftspolitik des Bundes, Gesetzenwurf Die Linke
20150327_5_xls-data.xls;27.03.2015: Pkw-Maut, Zweites Verkehrsteueränderungsgesetz
20150327_4_xls-data.xls;27.03.2015: Pkw-Maut, Änderungsantrag Bündnis 90/Die Grünen
20150327_3_xls-data.xls;27.03.2015: Pkw-Maut, Gesetzentwurf der Bundesregierung
20150327_2_xls-data.xls;27.03.2015: Pkw-Maut, Änderungsantrag Bündnis 90/Die Grünen
20150327_1_xls-data.xls;27.03.2015: Pkw-Maut, Änderungsantrag Bündnis 90/Die Grünen
20150326_2_xls-data.xls;26.03.2015: Nachhaltige Waldbewirtschaftung
20150326_1_xls-data.xls;26.03.2015: Bundeswehreinsatz EUTM Somalia
20150305_2_xls-data.xls;05.03.2015: Mietrechtsnovellierungsgesetz, 2. Änderungsantrag Bündnis 90/Die Grünen
20150305_1_xls-data.xls;05.03.2015: Mietrechtsnovellierungsgesetz, 1. Änderungsantrag Bündnis 90/Die Grünen
20150227_1_xls-data.xls;27.02.2015: Finanzhilfen zugunsten Griechenlands
20150226_1_xls-data.xls;26.02.2015: Bundeswehreinsatz in Mali (EUTM Mali)
20150129_2_xls-data.xls;29.01.2015: Bundeswehreinsatz Operation Active Fence (Türkei)
20150129_1_xls-data.xls;29.01.2015: Ausbildungsunterstützung der Sicherheitskräfte der Regierung der Region Kurdistan-Irak und der irakischen Streitkräfte (Drucksachen 18/3561 und 18/3857)
20141218_2_xls-data.xls;Bundeswehreinsatz ACTIVE ENDEAVOUR (OAE)
20141218_1_xls-data.xls;Bundeswehreinsatz in Afghanistan (RSM)
20141218_4_xls-data.xls;Änderung des Bundesdatenschutzgesetzes
20141218_3_xls-data.xls;Änderung des Bundesdatenschutzgesetzes - Änderungsantrag
20141128_2_xls-data.xls;28.11.2014: Entschließungsantrag Bündnis 90/Die Grünen
20141128_1_xls-data.xls;28.11.2014: Haushaltsgesetz 2015
20141126_1_xls-data.xls;26.11.2014: Feststellung des Bundeshaushaltsplans für das Haushaltsjahr 2015 (Einzelplan 04 - Bundeskanzlerin und Bundeskanzleramt)
20141113_10_xls-data.xls;13.11.2014: Bundeswehreinsatz in Darfur (UNAMID)
20141113_9_xls-data.xls;13.11.2014: Bundeswehreinsatz in Südsudan (UNMISS)
20141113_8_xls-data.xls;13.11.2014: Änderung des Bundesausbildungsförderungsgesetzes Nr. 5
20141113_7_xls-data.xls;13.11.2014: Änderung des Bundesausbildungsförderungsgesetzes Nr. 4
20141113_6_xls-data.xls;13.11.2014: Änderung des Bundesausbildungsförderungsgesetzes Nr. 3
20141113_5_xls-data.xls;13.11.2014: Änderung des Bundesausbildungsförderungsgesetzes Nr. 2
20141113_4_xls-data.xls;13.11.2014: Änderung des Bundesausbildungsförderungsgesetzes Nr.1
20141113_3_xls-data.xls;13.11.2014: Änderung des Grundgesetzes (Artikel 91b) Nr. 3
20141113_2_xls-data.xls;13.11.2014: Änderung des Grundgesetzes (Artikel 91b) Nr. 2
20141113_1_xls-data.xls;13.11.2014: Änderung des Grundgesetzes (Artikel 91b) Nr. 1
20141017_4_xls-data.xls;17.10.2014: Entschließungsantrag Bündnis 90/Die Grünen Nr. 4
20141017_3_xls-data.xls;17.10.2014: Pflegeversicherung, Entschließungsantrag Die Linke Nr. 3
20141017_2_xls-data.xls;17.10.2014: Pflegeversicherung, Änderungsantrag Bündnis 90/Die Grünen Nr. 2
20141017_1_xls-data.xls;17.10.2014: Pflegeversicherung, Änderungsantrag Die Linke Nr. 1
20141016_1_xls-data.xls;16.10.2014: Entschließungsantrag Regierungserklärung durch die Bundeskanzlerin
20140925_3_xls-data.xls;25.09.2014: Freihandelsabkommen der EU mit USA und Kanada Nr.3
20140925_2_xls-data.xls;25.09.2014: Freihandelsabkommen der EU mit USA und Kanada Nr.2
20140925_1_xls-data.xls;25.09.2014: Freihandelsabkommen der EU mit USA und Kanada Nr.1
20140704_1_xls-data.xls;04.07.2014: Lebensversicherungsreformgesetz
20140703_6_xls-data.xls;03.07.2014: Renten in Ostdeutschland
20140703_5_xls-data.xls;03.07.2014: Staatsangehörigkeitsrecht, Gesetzentwurf Die Linke
20140703_4_xls-data.xls;03.07.2014: Staatsangehörigkeitsgesetz
20140703_3_xls-data.xls;03.07.2014: Befristung von Arbeitsverhältnissen
20140703_2_xls-data.xls;03.07.2014: Einführung eines Mindestlohnes
20140703_1_xls-data.xls;03.07.2014: Einführung eines Mindestlohnes - Änderungsantrag
20140627_7_xls-data.xls;27.06.2014: Haushaltsgesetz 2014
20140627_6_xls-data.xls;27.06.2014: Entschließungsantrag Die Linke zur Einführung einer Länderöffnungsklausel
20140627_5_xls-data.xls;27.06.2014: Gesetzentwurf der Bundesregierung zur Einführung einer Länderöffnungsklausel
20140627_4_xls-data.xls;27.06.2014: Entschließungsantrag Die Linke zur grundlegenden Reform des Erneuerbare-Energien-Gesetzes
20140627_3_xls-data.xls;27.06.2014: Reform des Erneuerbare-Energien-Gesetzes und Änderung weiterer Bestimmungen des Energiewirtschaftsrechts
20140627_2_xls-data.xls;27.06.2014: Reform des Erneuerbare-Energien-Gesetzes / Änderungsantrag DIE LINKE.
20140627_1_xls-data.xls;27.06.2014: Reform des Erneuerbare-Energien-Gesetzes / Änderungsantrag DIE LINKE.
20140625_4_xls-data.xls;25.06.2014: Haushalt Wirtschaftliche Zusammenarbeit und Entwicklung
20140625_3_xls-data.xls;25.06.2014: Bundeswehreinsatz in Libanon (UNIFIL)
20140625_2_xls-data.xls;25.06.2014: Bundeswehreinsatz in Mali (MINUSMA)
20140625_1_xls-data.xls;25.06.2014: Einzelplan 04 - Geschäftsbereich der Bundeskanzlerin und des Bundeskanzleramtes
20140605_1_xls-data.xls;05.06.2014: Fortsetzung der deutschen Beteiligung an der internationalen Sicherheitspräsenz in Kosovo (Drucksachen 18/1415 und 18/1653)
20140523_4_xls-data.xls;23.05.2014: Entwurf eines Gesetzes über Leistungsverbesserungen in der gesetzlichen
Rentenversicherung (Drucksachen 18/909 und 18/1489)
20140523_3_xls-data.xls;23.05.2014: Änderungsantrag 3 zum Entwurf eines Gesetzes über Leistungsverbesserungen in der gesetzlichen Rentenversicherung (Drucksachen 18/909, 18/1489 und 18/1497)
20140523_2_xls-data.xls;23.05.2014: Änderungsantrag 2 zum Entwurf eines Gesetzes über Leistungsverbesserungen in der gesetzlichen Rentenversicherung (Drucksachen 18/909, 18/1489 und 18/1496)
20140523_1_xls-data.xls;23.05.2014: Änderungsantrag 1 zum Entwurf eines Gesetzes über Leistungsverbesserungen in der gesetzlichen Rentenversicherung (Drucksachen 18/909, 18/1489 und 18/1495)
20140522_4_xls-data.xls;22.05.2014: Grüne Gentechnik - Sorgen und Vorbehalte der Menschen ernst nehmen, Selbstbestimmung
stärken, Wahlfreiheit ermöglichen (Drucksache 18/1450)
20140522_3_xls-data.xls;22.05.2014: Vorbehalte der Bevölkerung gegenüber der Argo-Gentechnik anerkennen -
Gentechnikfreiheit im Pflanzenbau dauerhaft sichern (Drucksache 18/1453)
20140522_2_xls-data.xls;22.05.2014: Entwurf eines Gesetzes zur Umsetzung der Entscheidung des Bundesverfassungsgerichts zur Sukzessivadoption durch Lebenspartner (Drucksachen 18/1285, 18/1488 und 18/1494)
20140522_1_xls-data.xls;22.05.2014: Fortsetzung der Beteiligung bewaffneter deutscher Streitkräfte an der EU-geführten Operation Atalanta zur Bekämpfung der Piraterie vor der Küste Somalias (Drucksachen 18/1282 und 18/1486)
20140508_1_xls-data.xls;08.05.2014: Kündigung bilateraler Kooperationen im Bereich der Nutzung atomarer Technologien (Drucksache 18/1336)
20140508_2_xls-data.xls;08:05.2014: Gesetzentwurf eines Ersten Gesetzes zur Änderung des Arbeitnehmer-Entsendegesetzes (Drucksachen 18/910, 18/1283 und 18/1359)
20140508_3_xls-data.xls;08.05.2014: Echte Transparenz und parlamentarische Beteiligung bei Rüstungsexportentscheidungen herstellen (Drucksache 18/1360)
20140410_xls-data.xls;10.04.2014: Entsendung bewaffneter deutscher Streitkräfte zur Beteiligung an der Europäischen Überbrückungsmission in der Zentralafrikanischen Republik ... (Drucksachen 18/1081 und 18/1095)
20140409_xls-data.xls;09.04.2014: Beteiligung bewaffneter deutscher Streitkräfte am maritimen Begleitschutz der VN/OVCW-Mission zur Vernichtung der syrischen Chemiewaffen (Drucksachen 18/984 und 18/1067)
20140403_1_xls-data.xls;03.04.2014: Beschlussempfehlung des Auswärtigen Ausschusses (3. Ausschuss) zu dem Antrag der Bundesregierung
20140403_3_xls-data.xls;03.04.2014: Gesetzentwurf der Fraktion Die Linke: Änderung des Grundgesetzes (Artikel 23, 39, 44, 45a, 93)
20140403_2_xls-data.xls;03.04.2014: Beschlussempfehlung des Ausschusses für Wahlprüfung , Immunität und Geschäftsordnung (1. Ausschuss) zu dem Antrag der Fraktionen der CDU/CSU und SPD
20140313_1_xls-data.xls;13.03.2014: EU-Honigrichtlinie (Kennzeichnung von Gen-Honig) (Drucksachen 18/578 und 18/792)
20140221_1_xls-data.xls;21.02.2014: Änderung des Abgeordnetengesetzes (Drucksachen 18/477 und 18/619)
20140221_2_xls-data.xls;21.02.2014: Erweiterung des Straftatbestandes der Abgeordnetenbestechung (Drucksachen 18/476 und 18/607)
20140220_1_xls-data.xls;20.02.2014: Bundeswehreinsatz in Afghanistan (ISAF) (Drucksachen 18/436 und 18/602)
20140220_2_xls-data.xls;20.02.2014: Militärische Ausbildungsmission in Mali (Drucksachen 18/437 und 18/603)
20140130_1_xls-data.xls;30.01.2014: Gentechnisch veränderte Maislinie 1507 für den Anbau in der EU (Drucksachen 18/180 und 18/397)
20131128_2_xls-data.xls;28.11.2013: Fortsetzung der Beteiligung bewaffneter deutscher Streitkräfte (UNAMID) (Drs. 18/72)
20131128_1_xls-data.xls;28.11.2013: Fortsetzung der Beteiligung bewaffneter deutscher Streitkräfte (UNMISS) (Drs. 18/71)
20140129_2_xls-data.xls;29.01.2014: Fortsetzung der Beteiligung bewaffneter deutscher Streitkräfte an der NATO geführten Operation Active Endeavour im gesamten Mittelmeer (Drucksachen 18/263 und 18/348)
20140129_1_xls-data.xls;29.01.2014: Fortsetzung der Entsendung bewaffneter deutscher Streitkräfte zur Verstärkung der integrierten Luftverteidigung der NATO (Drucksachen 18/262 und 18/347)
20130628_betreuungsgeldaenderungsgesetz_xls-data.xls;28.06.2013: Betreuungsgeldänderungsgesetz (Drs. 17/11315, 17/14198 und 17/14211)
20130627_8_einkommensteuergesetz_xls-data.xls;27.06.2013: Änderung des Einkommensteuergesetzes (Drs. 17/13870, 17/14195, 17/14260 und 17/14232)
20130627_9_einkommensteuergesetz_xls-data.xls;27.06.2013: Änderung des Einkommensteuergesetzes (Drs. 17/13870, 17/14195, 17/14260 und 17/14233)
20130627_6_einkommensteuergesetz_xls-data.xls;27.06.2013: Änderung des Einkommensteuergesetzes (Drs. 17/13870, 17/14195, 17/14260 und 17/14230)
20130627_7_einkommensteuergesetz_xls-data.xls;27.06.2013: Änderung des Einkommensteuergesetzes (Drs. 17/13870, 17/14195, 17/14260 und 17/14231)
20130627_5_minusma_xls-data.xls;27.06.2013: MINUSMA (Drs. 17/13754 und 17/14174)
20130627_4_vermoegensabgabe_xls-data.xls;27.06.2013: Entwurf eines Gesetzes zur Erhebung einer Vermögensabgabe (Drs. 17/10770 und 17/13803)
20130627_3_unifil_xls-data.xls;27.06.2013: UNIFIL (Drs. 17/13753 und 17/14161)
20130627_2_geschaeftspraktiken_xls-data.xls;27.06.20130: Antrag Bündnis 90 / Die Grünen - Entwurf eines Gesetzes gegen unseriöse Geschäftspraktiken (Drs. 17/13057, 17/13429, 17/14192, 17/14216 und 17/14241)
20130627_1_geschaeftspraktiken_xls-data.xls;27.06.2013: Antrag SPD - Entwurf eines Gesetzes gegen unseriöse Geschäftspraktiken (Drs. 17/13057, 17/13429, 17/14192, 17/14216 und 17/14240)
20130614_verbraucherrichtlinie_xls-data.xls;14.06.2013: Verbraucherrechterichtlinie und Regelung der Wohnungsvermittlung 17/12637, 17/13951 und 17/13966
20130613_kreditinstitute_xls-data.xls;13.06.2013: Aufsicht über Kreditinstitute 17/13470, 17/13829, 17/13901, 17/13961 und 17/13965
20130613_Bundeswehreinsatz_Kosovo_xls-data.xls;13.06.2013: Beteiligung an der internationalen Sicherheitspräsenz in Kosovo, Drs. 17/13661 und 17/13955
20130607_arzneimittel_xls-data.xls;07.06.2013: Arzneimittelversorgung 17/13083 und 17/13770
20130606_wohnung_xls-data.xls;06.06.2013: Bezahlbares Wohnen in der sozialen Stadt 17/12485 und 17/13776
20130605_einbuergerung_xls-data.xls;05.06.2013: Staatsangehörigkeits- und Aufenthaltsrecht 17/542 und 17/13312
20130516_atalanta_xls-data.xls;16.05.2013: Fortsetzung der Beteiligung bewaffneter deutscher Streitkräfte an der EU-geführten Operation Atalanta 17/13111 und 17/13529
20130516_binnenschifffahrt_xls-data.xls;16.05.2013: Abfällen in der Rhein- und Binnenschifffahrt 17/13030 und 17/13348
20130516_kroatien_xls-data.xls;16.05.2013: EU-Beitritt der Republik Kroatien 17/11872 und 17/13444
20130425_rechtsextremismus_xls-data.xls;25.04.2013: Rechtsextremismus entschlossen bekämpfen 17/13225
20130425_npd_verbot_xls-data.xls;25.04.2013: Einleitung eines NPD-Verbotsverfahrens 17/13227
20130418_quote5_xls-data.xls;18.04.2013: Entwurf eines Gesetzes zur Förderung gleichberechtigter Teilhabe von Frauen und Männern in Führungsgremien (GITeilhG), Drs. 17/11270 und 17/12784
20130418_portugal4_xls-data.xls;18.04.2013: Finanzhilfe für Portugal 17/13060 (§ 3 Abs. 1 iVm § 3 Abs. 2 StabMechG)
20130418_zypern2_xls-data.xls;18.04.2013: Finanzhilfe für Zypern 17/13060 (§ 4 Abs. 1 Nr. 2 ESMFinG)
20130418_zypern1_xls-data.xls;18.04.2013: Finanzhilfe für Zypern 17/13060 (§ 4 Abs. 1 Nr. 1 ESMFinG)
20130418_irland3_xls-data.xls;18.04.2013: Finanzhilfe für Irland 17/13060 (§ 3 Abs. 1 iVm § 3 Abs 2 StabMechG)
20130315_atomkraftwerk_xls-data.xls;15.03.2013: Atomenergiepolitik 17/11206 und 17/12675
20130301_rente2_xls-data.xls;01.03.2013: Kindererziehung in der Rente besser berücksichtigen 17/10994 und 17/12474 Buchstabe e
20130301_rente1_xls-data.xls;01.03.2013: Rente erst ab 67 sofort vollständig zurücknehmen 17/10991 und 17/12474 Buchstabe b)
20130301_urheberrecht_xls-data.xls;01.03.2013: Urheberrechtsgesetz 17/11470 und 17/12534
20130228_mali2_xls-data.xls;28.02.2013: Mali 17/12368 und 17/12522
20130228_wasser2_xls-data.xls;28.02.2013: Wasser ist Menschenrecht 17/12482
20130228_wasser1_xls-data.xls;28.02.2013: Keine Privatisierung der Wasserversorgung 17/12394
20130228_holzhandel_xls-data.xls;28.02.2013: Holzhandel-Sicherung 17/12033 und 17/12400
20130228_mali1_xls-data.xls;28.02.2013: Mali 17/12367 und 17/12520
20130131_isaf_xls-data.xls;31.01.2013: ISAF - Beschlussempfehlung 17/12096
20130117_1_xls-data.xls;17.01.2013: Jahressteuergesetz 2013, 17/11844
20121214_1_xls-data.xls;14.12.2012: Bundeswehreinsatz Türkei, Beschlussempfehlung 17/11892
20121213_6_xls-data.xls;13.12.2012: Entschließungsantrag zur Änderung des Tierschutzgesetzes (17/10572,17/11811, 17/11852)
20121213_5_xls-data.xls;13.12.2012: Änderungsantrag zur Änderung des Tierschutzgesetzes (17/10572, 17/11811, 17/11851)
20121213_3_xls-data.xls;13.12.2012: Ergebnisse der Gutachten zu Umweltauswirkungen von Fracking zügig umsetzen (17/11829)
20121213_4_xls-data.xls;13.12.2012: Fortsetzung des Einsatzes bewaffneter deutscher Streitkräfte ... (17/11466, 17/11890)
20121213_2_xls-data.xls;13.12.2012: Moratorium für die Fracking-Technologie in Deutschland (17/11213 und 17/11712)
20121213_1_xls-data.xls;13.12.2012: Mietrechtsänderungsgesetz (17/10485 und 17/11894)
20121212_5_xls-data.xls;12.12.2012: Beschneidung, Gesetzentwurf der Bundesregierung (17/11295)
20121212_3_xls-data.xls;12.12.2012: Beschneidung, Änderungsantrag der Gruppe Montag (17/11816)
20121212_2_xls-data.xls;12.12.2012: Beschneidung, Änderungsantrag der Gruppe Lischka (17/11815)
20121212_1_xls-data.xls;12.12.2012: Beschneidung, Gesetzentwurf der Gruppe Rupprecht (17/11430)
20121212_4_xls-data.xls;12.12.2012: Beschneidung, Änderungsantrag der Gruppe Dr. Reimann (17/11835)
20121130_griechenland_xls-data.xls;30.11.2012: Finanzhilfen für Griechenland
20121129_2_xls-data.xls;29.11.2012: Patientenrechte
20121129_1_xls-data.xls;29.11.2012: Entschließungsantrag zu Asylbewerberleistungsgesetz
20121123_xls-data.xls;23.11.2012: Haushaltsgesetz 2013
20121122_1_xls-data.xls;22.11.2012: Änderungsantrag SPD - Haushalt 2013 (Familie)
20121121_2_xls-data.xls;21.11.2012: Haushalt 2013 (wirtschaftliche Zusammenarbeit und Entwicklung)
20121121_1_xls-data.xls;21.11.2012: Haushalt 2013 (Kanzleramt)
20121109_praxisgebuehr_xls-data.xls;09.11.2012: Artikel 1 Nummer 2 bis 6 und Artikel 4 bis 6 auf 17/10747, 17/10799 und 17/11396 (Praxisgebühr)
20121109_betreuungsgeld_xls-data.xls;09.11.2012: Gesetzentwurf 17/9917 (Betreuungsgeld)
20121025_5_xls-data.xls;25.10.2012: 17/11196, Änderungsantrag zum Jahressteuergesetz 2013
20121025_4_xls-data.xls;25.10.2012: 17/11193, Änderungsantrag zum Jahressteuergesetz 2013
20121025_3_xls-data.xls;25.10.2012: 17/11172, Änderungsantrag zum Gesetzentwurf zur Stärkung der deutschen Finanzaufsicht
20121025_2_xls-data.xls;25.10.2012: 17/10059 und 17/11093, Abkommen zwischen Deutschland und der Schweiz
20121025_xls-data.xls;25.10.2012: 17/10773 und 17/11174, Änderungen im Bereich der geringfügigen Beschäftigung
20121018_xls-data.xls;18.10.2012: Gesetzentwurf 17/9852 und 17/11053 (8. Änderung des Gesetzes gegen Wettbewerbsbeschränkungen)
